,10YR TIPS,10YR,Gold,Copper,JPY/USD,EUR/USD
2016-08-30,0.11,1.57,1311.699951,2.069,,
2016-08-31,0.11,1.58,1306.900024,2.0695,,
2016-09-01,0.12,1.57,1312.199951,2.0685,,
2016-09-02,0.13,1.6,1322.099976,2.0715,,
2016-09-06,0.06,1.55,1349.400024,2.084,,
2016-09-07,0.03,1.54,1344.300049,2.093,,
2016-09-08,0.09,1.61,1336.800049,2.096,,
2016-09-09,0.17,1.67,1330.099976,2.0885,,
2016-09-12,0.17,1.68,1321.0,2.096,,
2016-09-13,0.24,1.73,1319.0,2.0955,,
2016-09-14,0.21,1.7,1321.5,2.148,,
2016-09-15,0.22,1.71,1313.5,2.152,,
2016-09-16,0.19,1.7,1305.800049,2.1515,,
2016-09-19,0.2,1.7,1313.5,2.149,,
2016-09-20,0.2,1.69,1313.699951,2.1555,,
2016-09-21,0.15,1.66,1326.900024,2.145,,
2016-09-22,0.08,1.63,1340.400024,2.1875,,
2016-09-23,0.05,1.62,1337.199951,2.1925,,
2016-09-26,0.05,1.59,1339.699951,2.19,,
2016-09-27,0.04,1.56,1325.900024,2.1615,,
2016-09-28,0.01,1.57,1319.400024,2.1795,,
2016-09-29,0.02,1.56,1321.699951,2.181,,
2016-09-30,0.0,1.6,1313.300049,2.202,,
2016-10-03,0.0,1.63,1309.0,2.1835,,
2016-10-04,0.07,1.69,1266.300049,2.1585,,
2016-10-05,0.1,1.72,1265.199951,2.156,,
2016-10-06,0.11,1.75,1249.800049,2.148,,
2016-10-07,0.1,1.73,1248.900024,2.1565,,
2016-10-11,0.13,1.77,1253.0,2.1785,,
2016-10-12,0.15,1.79,1251.099976,2.1695,,
2016-10-13,0.12,1.75,1255.0,2.115,,
2016-10-14,0.13,1.8,1253.099976,2.1035,,
2016-10-17,0.09,1.77,1254.400024,2.0995,,
2016-10-18,0.09,1.75,1260.800049,2.098,,
2016-10-19,0.08,1.76,1267.900024,2.097,,
2016-10-20,0.08,1.76,1265.599976,2.0905,,
2016-10-21,0.07,1.74,1265.900024,2.0835,,
2016-10-24,0.11,1.77,1262.0,2.0875,,
2016-10-25,0.07,1.77,1271.900024,2.1325,,
2016-10-26,0.08,1.79,1264.800049,2.1395,,
2016-10-27,0.13,1.85,1267.900024,2.1655,,
2016-10-28,0.13,1.86,1275.5,2.1885,,
2016-10-31,0.11,1.84,1271.5,2.2005,,
2016-11-01,0.11,1.83,1286.400024,2.2245,,
2016-11-02,0.11,1.81,1306.800049,2.226,,
2016-11-03,0.14,1.82,1302.099976,2.2445,,
2016-11-04,0.11,1.79,1303.300049,2.261,,
2016-11-07,0.12,1.83,1278.300049,2.3065,,
2016-11-08,0.15,1.88,1273.400024,2.379,,
2016-11-09,0.25,2.07,1272.599976,2.459,,
2016-11-10,0.27,2.15,1265.5,2.5495,,
2016-11-14,0.4,2.23,1221.199951,2.5185,,
2016-11-15,0.41,2.23,1224.0,2.502,,
2016-11-16,0.39,2.22,1223.400024,2.465,,
2016-11-17,0.42,2.29,1216.5,2.4875,,
2016-11-18,0.44,2.34,1208.5,2.464,,
2016-11-21,0.42,2.33,1209.599976,2.5125,,
2016-11-22,0.41,2.31,1211.0,2.5425,,
2016-11-23,0.44,2.36,1189.099976,2.606,,
2016-11-25,0.47,2.36,1178.199951,2.667,,
2016-11-28,0.47,2.32,1190.599976,2.656,,
2016-11-29,0.44,2.3,1187.900024,2.595,,
2016-11-30,0.43,2.37,1170.800049,2.6215,,
2016-12-01,0.48,2.45,1166.900024,2.6315,,
2016-12-02,0.49,2.4,1175.099976,2.615,,
2016-12-05,0.45,2.39,1174.0,2.689,,
2016-12-06,0.44,2.39,1167.599976,2.672,,
2016-12-07,0.42,2.34,1175.0,2.637,,
2016-12-08,0.45,2.4,1169.800049,2.62,,
2016-12-09,0.51,2.47,1159.400024,2.642,,
2016-12-12,0.51,2.49,1163.5,2.613,,
2016-12-13,0.53,2.48,1156.699951,2.593,,
2016-12-14,0.6,2.54,1161.300049,2.6,,
2016-12-15,0.7,2.6,1127.800049,2.596,,
2016-12-16,0.74,2.6,1135.300049,2.561,,
2016-12-19,0.68,2.54,1140.5,2.4965,,
2016-12-20,0.67,2.57,1131.5,2.4995,,
2016-12-21,0.64,2.55,1131.099976,2.4915,,
2016-12-22,0.6,2.55,1128.800049,2.4945,,
2016-12-23,0.58,2.55,1131.900024,2.4725,,
2016-12-27,0.58,2.57,1137.300049,2.508,,
2016-12-28,0.56,2.51,1139.400024,2.495,,
2016-12-29,0.55,2.49,1156.400024,2.479,,
2016-12-30,0.5,2.45,1150.0,2.4975,,
2017-01-03,0.47,2.45,1160.400024,2.481,,
2017-01-04,0.47,2.46,1163.800049,2.548,,
2017-01-05,0.42,2.37,1179.699951,2.5295,,
2017-01-06,0.46,2.42,1171.900024,2.538,,
2017-01-09,0.43,2.38,1183.5,2.53,,
2017-01-10,0.43,2.38,1184.199951,2.6035,,
2017-01-11,0.39,2.38,1195.599976,2.601,,
2017-01-12,0.38,2.36,1198.900024,2.6605,,
2017-01-13,0.41,2.4,1195.300049,2.6805,,
2017-01-17,0.36,2.33,1212.0,2.6165,,
2017-01-18,0.42,2.42,1211.300049,2.608,,
2017-01-19,0.43,2.47,1200.900024,2.6015,,
2017-01-20,0.44,2.48,1204.300049,2.617,,
2017-01-23,0.39,2.41,1215.0,2.6395,,
2017-01-24,0.41,2.47,1210.300049,2.7005,,
2017-01-25,0.45,2.53,1197.300049,2.7025,,
2017-01-26,0.43,2.51,1189.5,2.666,,
2017-01-27,0.41,2.49,1188.099976,2.68,,
2017-01-30,0.42,2.49,1193.199951,2.6475,,
2017-01-31,0.4,2.45,1208.599976,2.7215,,
2017-02-01,0.43,2.48,1205.599976,2.7045,,
2017-02-02,0.43,2.48,1216.699951,2.678,,
2017-02-03,0.44,2.49,1218.5,2.6095,,
2017-02-06,0.4,2.42,1230.0,2.6455,,
2017-02-07,0.4,2.4,1234.199951,2.626,,
2017-02-08,0.38,2.34,1237.599976,2.6605,,
2017-02-09,0.41,2.4,1235.099976,2.648,,
2017-02-10,0.4,2.41,1234.400024,2.762,,
2017-02-13,0.43,2.43,1224.400024,2.7765,,
2017-02-14,0.46,2.47,1223.900024,2.731,,
2017-02-15,0.45,2.51,1231.699951,2.736,,
2017-02-16,0.43,2.45,1240.0,2.716,,
2017-02-17,0.41,2.42,1237.599976,2.7055,,
2017-02-21,0.4,2.43,1237.5,2.7455,,
2017-02-22,0.38,2.42,1232.0,2.7325,,
2017-02-23,0.35,2.38,1250.199951,2.6425,,
2017-02-24,0.31,2.31,1256.900024,2.68,,
2017-02-27,0.35,2.36,1257.400024,2.6875,,
2017-02-28,0.34,2.36,1252.599976,2.704,,
2017-03-01,0.43,2.46,1248.900024,2.7265,,
2017-03-02,0.48,2.49,1231.900024,2.6795,,
2017-03-03,0.45,2.49,1225.5,2.687,,
2017-03-06,0.48,2.49,1224.5,2.643,,
2017-03-07,0.49,2.52,1215.099976,2.6095,,
2017-03-08,0.56,2.57,1208.5,2.592,,
2017-03-09,0.6,2.6,1202.400024,2.57,,
2017-03-10,0.57,2.58,1200.699951,2.5865,,
2017-03-13,0.61,2.62,1202.400024,2.6165,,
2017-03-14,0.61,2.6,1201.900024,2.624,,
2017-03-15,0.5,2.51,1200.099976,2.6455,,
2017-03-16,0.51,2.53,1226.5,2.6655,,
2017-03-17,0.49,2.5,1229.800049,2.6795,,
2017-03-20,0.47,2.47,1233.599976,2.6555,,
2017-03-21,0.45,2.43,1246.099976,2.61,,
2017-03-22,0.43,2.4,1249.300049,2.622,,
2017-03-23,0.46,2.41,1246.900024,2.6365,,
2017-03-24,0.42,2.4,1248.199951,2.6235,,
2017-03-27,0.41,2.38,1255.400024,2.625,,
2017-03-28,0.45,2.42,1255.300049,2.669,,
2017-03-29,0.41,2.39,1253.400024,2.67,,
2017-03-30,0.46,2.42,1245.0,2.665,,
2017-03-31,0.43,2.4,1247.300049,2.6465,,
2017-04-03,0.39,2.35,1250.800049,2.5975,,
2017-04-04,0.4,2.36,1255.0,2.606,,
2017-04-05,0.37,2.34,1245.400024,2.6755,,
2017-04-06,0.39,2.34,1250.300049,2.6555,,
2017-04-07,0.44,2.38,1254.300049,2.645,,
2017-04-10,0.44,2.37,1251.099976,2.602,,
2017-04-11,0.41,2.32,1271.199951,2.606,,
2017-04-12,0.38,2.28,1275.300049,2.544,,
2017-04-13,0.32,2.24,1285.900024,2.5695,,
2017-04-17,0.38,2.26,1289.400024,2.595,,
2017-04-18,0.33,2.18,1291.699951,2.529,,
2017-04-19,0.36,2.21,1281.400024,2.5335,,
2017-04-20,0.39,2.24,1281.900024,2.541,,
2017-04-21,0.4,2.24,1287.400024,2.5365,,
2017-04-24,0.41,2.28,1275.800049,2.5535,,
2017-04-25,0.44,2.35,1265.599976,2.582,,
2017-04-26,0.42,2.32,1262.099976,2.591,,
2017-04-27,0.39,2.3,1263.699951,2.58,,
2017-04-28,0.37,2.29,1266.099976,2.5965,,
2017-05-01,0.41,2.33,1253.300049,2.65,,
2017-05-02,0.41,2.29,1255.099976,2.625,,
2017-05-03,0.46,2.33,1246.400024,2.533,,
2017-05-04,0.5,2.36,1226.5,2.502,,
2017-05-05,0.5,2.36,1224.800049,2.5195,,
2017-05-08,0.53,2.39,1225.300049,2.4855,,
2017-05-09,0.56,2.42,1214.300049,2.49,,
2017-05-10,0.56,2.41,1217.300049,2.487,,
2017-05-11,0.51,2.39,1222.699951,2.501,,
2017-05-12,0.49,2.33,1226.199951,2.518,,
2017-05-15,0.52,2.34,1228.599976,2.533,,
2017-05-16,0.51,2.33,1235.0,2.5445,,
2017-05-17,0.44,2.22,1257.5,2.5425,,
2017-05-18,0.43,2.23,1251.699951,2.5265,,
2017-05-19,0.41,2.23,1252.699951,2.574,,
2017-05-22,0.43,2.25,1260.699951,2.589,,
2017-05-23,0.46,2.29,1254.800049,2.5905,,
2017-05-24,0.45,2.26,1252.400024,2.578,,
2017-05-25,0.45,2.25,1255.800049,2.592,,
2017-05-26,0.44,2.25,1267.599976,2.5595,,
2017-05-30,0.4,2.21,1262.099976,2.561,,
2017-05-31,0.4,2.21,1272.0,2.577,,
2017-06-01,0.4,2.21,1267.0,2.5845,,
2017-06-02,0.36,2.15,1276.800049,2.5715,,
2017-06-05,0.39,2.18,1279.300049,2.5545,,
2017-06-06,0.37,2.14,1294.400024,2.5445,,
2017-06-07,0.4,2.18,1290.099976,2.549,,
2017-06-08,0.41,2.19,1276.300049,2.607,,
2017-06-09,0.43,2.21,1268.5,2.646,,
2017-06-12,0.46,2.21,1266.099976,2.6125,,
2017-06-13,0.46,2.21,1265.800049,2.593,,
2017-06-14,0.44,2.15,1272.800049,2.5705,,
2017-06-15,0.49,2.16,1252.199951,2.564,,
2017-06-16,0.49,2.16,1254.0,2.5625,,
2017-06-19,0.52,2.19,1244.199951,2.5895,,
2017-06-20,0.5,2.16,1241.0,2.555,,
2017-06-21,0.5,2.16,1243.400024,2.602,,
2017-06-22,0.46,2.15,1247.599976,2.598,,
2017-06-23,0.45,2.15,1256.199951,2.623,,
2017-06-26,0.43,2.14,1246.300049,2.625,,
2017-06-27,0.5,2.21,1246.400024,2.6465,,
2017-06-28,0.49,2.22,1248.0,2.662,,
2017-06-29,0.55,2.27,1244.199951,2.683,,
2017-06-30,0.58,2.31,1240.699951,2.699,,
2017-07-05,0.58,2.33,1220.400024,2.649,,
2017-07-06,0.61,2.37,1222.199951,2.6515,,
2017-07-07,0.66,2.39,1208.599976,2.6375,,
2017-07-10,0.66,2.38,1212.099976,2.6395,,
2017-07-11,0.62,2.37,1213.599976,2.6645,,
2017-07-12,0.57,2.33,1218.099976,2.677,,
2017-07-13,0.58,2.35,1216.300049,2.6545,,
2017-07-14,0.57,2.33,1226.599976,2.684,,
2017-07-17,0.54,2.31,1232.800049,2.717,,
2017-07-18,0.51,2.27,1241.099976,2.7235,,
2017-07-19,0.51,2.27,1241.199951,2.703,,
2017-07-20,0.5,2.27,1244.800049,2.7085,,
2017-07-21,0.48,2.24,1254.300049,2.715,,
2017-07-24,0.48,2.26,1253.900024,2.729,,
2017-07-25,0.52,2.33,1251.699951,2.8405,,
2017-07-26,0.49,2.29,1249.0,2.869,,
2017-07-27,0.49,2.32,1259.599976,2.874,,
2017-07-28,0.47,2.3,1268.400024,2.8705,,
2017-07-31,0.48,2.3,1266.599976,2.888,,
2017-08-01,0.47,2.26,1272.599976,2.879,,
2017-08-02,0.48,2.27,1271.800049,2.8825,,
2017-08-03,0.46,2.24,1267.800049,2.877,,
2017-08-04,0.47,2.27,1258.300049,2.885,,
2017-08-07,0.46,2.26,1258.199951,2.908,,
2017-08-08,0.46,2.29,1256.400024,2.9425,,
2017-08-09,0.42,2.24,1273.0,2.93,,
2017-08-10,0.4,2.2,1283.699951,2.906,,
2017-08-11,0.4,2.19,1287.699951,2.914,,
2017-08-14,0.45,2.22,1284.199951,2.9065,,
2017-08-15,0.49,2.27,1273.699951,2.8845,,
2017-08-16,0.45,2.23,1276.900024,2.9545,,
2017-08-17,0.42,2.19,1286.400024,2.938,,
2017-08-18,0.43,2.19,1285.699951,2.9405,,
2017-08-21,0.43,2.18,1290.800049,2.981,,
2017-08-22,0.45,2.22,1285.099976,2.9865,,
2017-08-23,0.42,2.17,1288.900024,2.9805,,
2017-08-24,0.44,2.19,1286.5,3.0335,,
2017-08-25,0.42,2.17,1292.5,3.033,,
2017-08-28,0.41,2.16,1309.699951,3.065,,
2017-08-29,0.39,2.13,1313.099976,3.081,,
2017-08-30,0.39,2.15,1308.099976,3.0645,,
2017-08-31,0.36,2.12,1316.199951,3.079,,
2017-09-01,0.37,2.16,1324.5,3.098,,
2017-09-05,0.3,2.07,1339.199951,3.1075,,
2017-09-06,0.32,2.1,1333.900024,3.1315,,
2017-09-07,0.26,2.05,1345.099976,3.123,,
2017-09-08,0.25,2.06,1346.0,3.0215,,
2017-09-11,0.31,2.14,1331.0,3.046,,
2017-09-12,0.33,2.17,1328.0,3.0155,,
2017-09-13,0.35,2.2,1323.400024,2.961,,
2017-09-14,0.35,2.2,1324.699951,2.9365,,
2017-09-15,0.35,2.2,1320.400024,2.928,,
2017-09-18,0.36,2.23,1306.300049,2.949,,
2017-09-19,0.37,2.24,1306.199951,2.9495,,
2017-09-20,0.43,2.28,1312.0,2.9495,,
2017-09-21,0.44,2.27,1290.599976,2.914,,
2017-09-22,0.42,2.26,1293.300049,2.9245,,
2017-09-25,0.38,2.22,1306.800049,2.9175,,
2017-09-26,0.4,2.24,1297.0,2.8975,,
2017-09-27,0.44,2.31,1283.400024,2.911,,
2017-09-28,0.44,2.31,1285.5,2.9625,,
2017-09-29,0.49,2.33,1281.5,2.9375,,
2017-10-02,0.51,2.34,1272.699951,2.9395,,
2017-10-03,0.49,2.33,1271.5,2.9485,,
2017-10-04,0.48,2.33,1273.699951,2.9445,,
2017-10-05,0.49,2.35,1269.900024,3.0315,,
2017-10-06,0.5,2.37,1271.599976,3.0145,,
2017-10-10,0.47,2.35,1290.599976,3.0455,,
2017-10-11,0.46,2.35,1285.800049,3.08,,
2017-10-12,0.44,2.33,1293.300049,3.104,,
2017-10-13,0.43,2.28,1301.5,3.1185,,
2017-10-16,0.46,2.3,1299.900024,3.224,,
2017-10-17,0.48,2.3,1283.0,3.1805,,
2017-10-18,0.5,2.34,1279.900024,3.1635,,
2017-10-19,0.49,2.33,1286.900024,3.153,,
2017-10-20,0.52,2.39,1277.400024,3.1515,,
2017-10-23,0.52,2.38,1277.699951,3.174,,
2017-10-24,0.55,2.42,1275.0,3.1865,,
2017-10-25,0.56,2.44,1275.400024,3.1715,,
2017-10-26,0.57,2.46,1266.300049,3.1675,,
2017-10-27,0.54,2.42,1268.5,3.0935,,
2017-10-30,0.5,2.37,1274.099976,3.102,,
2017-10-31,0.5,2.38,1267.0,3.092,,
2017-11-01,0.49,2.37,1274.099976,3.133,,
2017-11-02,0.48,2.35,1274.900024,3.1355,,
2017-11-03,0.48,2.34,1266.5,3.1105,,
2017-11-06,0.46,2.32,1279.400024,3.1505,,
2017-11-07,0.44,2.32,1273.699951,3.0825,,
2017-11-08,0.45,2.32,1281.599976,3.093,,
2017-11-09,0.46,2.33,1285.599976,3.08,,
2017-11-10,0.52,2.4,1272.400024,3.0695,,
2017-11-13,0.52,2.4,1277.300049,3.1115,,
2017-11-14,0.51,2.38,1281.5,3.06,,
2017-11-15,0.48,2.33,1276.5,3.049,,
2017-11-16,0.53,2.37,1277.400024,3.0435,,
2017-11-17,0.49,2.35,1295.800049,3.0625,,
2017-11-20,0.52,2.37,1274.599976,3.0905,,
2017-11-21,0.52,2.36,1281.099976,3.1255,,
2017-11-22,0.48,2.32,1291.599976,3.1345,,
2017-11-27,0.49,2.32,1293.800049,3.1325,,
2017-11-28,0.5,2.34,1294.699951,3.0705,,
2017-11-29,0.53,2.37,1282.099976,3.04,,
2017-11-30,0.56,2.42,1273.199951,3.037,,
2017-12-01,0.51,2.37,1278.800049,3.0655,,
2017-12-04,0.5,2.37,1274.300049,3.063,,
2017-12-05,0.5,2.36,1261.599976,2.9205,,
2017-12-06,0.47,2.33,1262.800049,2.9365,,
2017-12-07,0.5,2.37,1249.800049,2.9405,,
2017-12-08,0.5,2.38,1245.199951,2.955,,
2017-12-11,0.51,2.39,1243.699951,2.988,,
2017-12-12,0.51,2.4,1238.5,2.9995,,
2017-12-13,0.48,2.36,1245.400024,3.0295,,
2017-12-14,0.48,2.35,1253.800049,3.0485,,
2017-12-15,0.47,2.35,1254.300049,3.11,,
2017-12-18,0.5,2.39,1262.199951,3.122,,
2017-12-19,0.55,2.46,1260.699951,3.1275,,
2017-12-20,0.57,2.49,1266.099976,3.1715,,
2017-12-21,0.55,2.48,1267.300049,3.1945,,
2017-12-22,0.54,2.48,1275.400024,3.2145,,
2017-12-26,0.53,2.47,1284.099976,3.256,,
2017-12-27,0.48,2.42,1287.0,3.257,,
2017-12-28,0.47,2.43,1294.099976,3.286,,
2017-12-29,0.44,2.4,1306.300049,3.2795,,
2018-01-02,0.46,2.46,1313.699951,3.256,,
2018-01-03,0.46,2.44,1316.199951,3.237,,
2018-01-04,0.45,2.46,1319.400024,3.2425,,
2018-01-05,0.46,2.47,1320.300049,3.207,,
2018-01-08,0.47,2.49,1318.599976,3.201,,
2018-01-09,0.52,2.55,1311.699951,3.1945,,
2018-01-10,0.52,2.55,1317.400024,3.215,,
2018-01-11,0.54,2.54,1320.599976,3.2135,,
2018-01-12,0.54,2.55,1333.400024,3.2,,
2018-01-16,0.51,2.54,1335.400024,3.199,,
2018-01-17,0.53,2.57,1338.0,3.1665,,
2018-01-18,0.57,2.62,1326.0,3.177,,
2018-01-19,0.58,2.64,1331.900024,3.167,,
2018-01-22,0.6,2.66,1330.900024,3.1775,,
2018-01-23,0.57,2.63,1335.699951,3.0895,,
2018-01-24,0.58,2.65,1355.900024,3.2085,,
2018-01-25,0.56,2.63,1362.400024,3.199,,
2018-01-26,0.57,2.66,1351.599976,3.1825,,
2018-01-30,0.63,2.73,1335.400024,3.177,,
2018-01-31,0.61,2.72,1339.0,3.184,,
2018-02-01,0.67,2.78,1344.300049,3.197,,
2018-02-02,0.7,2.84,1333.699951,3.1765,,
2018-02-05,0.67,2.77,1333.0,3.2105,,
2018-02-06,0.69,2.79,1326.099976,3.1775,,
2018-02-07,0.74,2.84,1311.599976,3.0765,,
2018-02-08,0.76,2.85,1316.900024,3.072,,
2018-02-09,0.78,2.83,1313.099976,3.0245,,
2018-02-12,0.79,2.86,1324.199951,3.0775,,
2018-02-13,0.78,2.83,1328.099976,3.1545,,
2018-02-14,0.82,2.91,1355.5,3.2285,,
2018-02-15,0.79,2.9,1352.099976,3.239,,
2018-02-16,0.78,2.87,1353.199951,3.243,,
2018-02-20,0.78,2.88,1328.800049,3.186,,
2018-02-21,0.82,2.94,1330.0,3.2115,,
2018-02-22,0.81,2.92,1330.599976,3.2375,,
2018-02-23,0.76,2.88,1328.199951,3.2085,,
2018-02-26,0.73,2.86,1330.699951,3.196,,
2018-02-27,0.77,2.9,1315.5,3.1575,,
2018-02-28,0.75,2.87,1315.5,3.1075,,
2018-03-01,0.71,2.81,1302.900024,3.0995,,
2018-03-02,0.74,2.86,1321.099976,3.101,,
2018-03-05,0.75,2.88,1318.099976,3.1055,,
2018-03-06,0.76,2.88,1333.599976,3.137,,
2018-03-07,0.76,2.89,1326.0,3.114,,
2018-03-08,0.75,2.86,1319.900024,3.0585,,
2018-03-09,0.78,2.9,1322.400024,3.116,,
2018-03-12,0.77,2.87,1319.400024,3.104,,
2018-03-13,0.75,2.84,1325.900024,3.119,,
2018-03-14,0.74,2.81,1324.400024,3.14,,
2018-03-15,0.74,2.82,1316.800049,3.111,,
2018-03-16,0.77,2.85,1311.300049,3.093,,
2018-03-19,0.77,2.85,1316.800049,3.0695,,
2018-03-20,0.81,2.89,1311.099976,3.0255,,
2018-03-21,0.8,2.89,1320.699951,3.0485,,
2018-03-22,0.75,2.83,1326.599976,3.012,,
2018-03-23,0.75,2.82,1349.300049,2.9845,,
2018-03-26,0.77,2.85,1354.400024,2.9605,,
2018-03-27,0.71,2.78,1341.300049,2.9915,,
2018-03-28,0.72,2.77,1324.199951,2.994,,
2018-03-29,0.69,2.74,1322.800049,3.019,,
2018-04-02,0.68,2.73,1342.099976,3.0405,,
2018-04-03,0.71,2.79,1332.800049,3.058,,
2018-04-04,0.71,2.79,1335.800049,3.007,,
2018-04-05,0.75,2.83,1324.300049,3.0695,,
2018-04-06,0.7,2.77,1331.900024,3.054,,
2018-04-09,0.71,2.78,1336.300049,3.0715,,
2018-04-10,0.72,2.8,1342.0,3.131,,
2018-04-11,0.68,2.79,1356.5,3.112,,
2018-04-12,0.7,2.83,1338.400024,3.06,,
2018-04-13,0.69,2.82,1344.800049,3.0675,,
2018-04-16,0.71,2.83,1347.5,3.0915,,
2018-04-17,0.68,2.82,1347.199951,3.075,,
2018-04-18,0.71,2.87,1351.199951,3.1535,,
2018-04-19,0.75,2.92,1346.800049,3.128,,
2018-04-20,0.79,2.96,1336.699951,3.1315,,
2018-04-23,0.8,2.98,1322.5,3.108,,
2018-04-24,0.83,3.0,1331.400024,3.1385,,
2018-04-25,0.86,3.03,1321.199951,3.132,,
2018-04-26,0.82,3.0,1316.300049,3.113,,
2018-04-27,0.79,2.96,1320.300049,3.046,,
2018-04-30,0.78,2.95,1316.199951,3.0525,,
2018-05-01,0.81,2.97,1303.800049,3.015,,
2018-05-02,0.8,2.97,1302.599976,3.0475,,
2018-05-03,0.78,2.94,1310.699951,3.059,,
2018-05-04,0.79,2.95,1312.699951,3.0655,,
2018-05-07,0.78,2.95,1312.199951,3.0595,,
2018-05-08,0.81,2.97,1312.0,3.0405,,
2018-05-09,0.82,3.0,1311.300049,3.0395,,
2018-05-10,0.8,2.97,1320.800049,3.0925,,
2018-05-11,0.82,2.97,1319.0,3.095,,
2018-05-14,0.85,3.0,1316.5,3.0785,,
2018-05-15,0.9,3.08,1288.900024,3.0425,,
2018-05-16,0.92,3.09,1290.199951,3.0585,,
2018-05-17,0.95,3.11,1288.199951,3.077,,
2018-05-18,0.91,3.06,1290.199951,3.051,,
2018-05-21,0.9,3.06,1290.199951,3.0855,,
2018-05-22,0.91,3.06,1291.699951,3.119,,
2018-05-23,0.87,3.01,1289.300049,3.0605,,
2018-05-24,0.86,2.98,1303.699951,3.0855,,
2018-05-25,0.84,2.93,1303.300049,3.067,,
2018-05-29,0.73,2.77,1298.699951,3.052,,
2018-05-30,0.78,2.84,1301.5,3.0595,,
2018-05-31,0.76,2.83,1300.099976,3.058,,
2018-06-01,0.8,2.89,1294.800049,3.0915,,
2018-06-04,0.82,2.94,1293.099976,3.1265,,
2018-06-05,0.79,2.92,1297.5,3.191,,
2018-06-06,0.83,2.97,1297.099976,3.2545,,
2018-06-07,0.8,2.93,1298.699951,3.268,,
2018-06-08,0.82,2.93,1298.099976,3.293,,
2018-06-11,0.83,2.96,1298.900024,3.2505,,
2018-06-12,0.83,2.96,1295.099976,3.2425,,
2018-06-13,0.86,2.98,1296.900024,3.248,,
2018-06-14,0.82,2.94,1304.0,3.2165,,
2018-06-15,0.81,2.93,1274.599976,3.141,,
2018-06-18,0.8,2.92,1276.199951,3.1035,,
2018-06-19,0.77,2.89,1275.599976,3.0465,,
2018-06-20,0.81,2.93,1271.199951,3.0465,,
2018-06-21,0.79,2.9,1267.199951,3.025,,
2018-06-22,0.78,2.9,1267.400024,3.0325,,
2018-06-25,0.77,2.87,1265.599976,2.992,,
2018-06-26,0.76,2.88,1256.599976,2.997,,
2018-06-27,0.72,2.83,1252.800049,2.9895,,
2018-06-28,0.74,2.84,1247.800049,2.9535,,
2018-06-29,0.74,2.85,1251.300049,2.951,,
2018-07-02,0.73,2.87,1239.800049,2.9315,,
2018-07-05,0.71,2.84,1257.300049,2.814,,
2018-07-06,0.7,2.82,1254.300049,2.813,,
2018-07-09,0.73,2.86,1258.099976,2.839,,
2018-07-10,0.74,2.87,1253.800049,2.8285,,
2018-07-11,0.74,2.85,1242.800049,2.7335,,
2018-07-12,0.75,2.85,1245.0,2.768,,
2018-07-13,0.72,2.83,1239.599976,2.77,,
2018-07-16,0.75,2.85,1238.099976,2.757,,
2018-07-17,0.77,2.86,1225.699951,2.7395,,
2018-07-18,0.79,2.88,1226.300049,2.752,,
2018-07-19,0.75,2.84,1222.400024,2.686,,
2018-07-20,0.78,2.89,1229.5,2.746,,
2018-07-23,0.85,2.96,1224.0,2.737,,
2018-07-24,0.84,2.95,1223.900024,2.8,,
2018-07-25,0.81,2.94,1231.400024,2.806,,
2018-07-26,0.87,2.98,1225.300049,2.804,,
2018-07-27,0.84,2.96,1222.599976,2.7875,,
2018-07-30,0.85,2.98,1221.300049,2.779,,
2018-07-31,0.84,2.96,1223.699951,2.819,,
2018-08-01,0.87,3.0,1217.900024,2.735,,
2018-08-02,0.86,2.98,1210.599976,2.727,,
2018-08-03,0.83,2.95,1214.199951,2.7535,,
2018-08-06,0.83,2.94,1208.599976,2.721,,
2018-08-07,0.85,2.98,1209.599976,2.741,,
2018-08-08,0.85,2.96,1212.599976,2.7405,,
2018-08-09,0.82,2.93,1211.900024,2.7555,,
2018-08-10,0.78,2.87,1211.099976,2.7325,,
2018-08-13,0.78,2.88,1191.300049,2.722,,
2018-08-14,0.8,2.89,1193.0,2.6755,,
2018-08-15,0.78,2.86,1177.5,2.557,,
2018-08-16,0.79,2.87,1176.199951,2.6135,,
2018-08-17,0.79,2.87,1176.5,2.6245,,
2018-08-20,0.75,2.82,1186.800049,2.6635,,
2018-08-21,0.77,2.85,1192.599976,2.6895,,
2018-08-22,0.74,2.82,1196.300049,2.6685,,
2018-08-23,0.73,2.82,1187.0,2.6525,,
2018-08-24,0.73,2.82,1206.300049,2.699,,
2018-08-27,0.74,2.85,1209.0,2.705,,
2018-08-28,0.77,2.88,1207.400024,2.734,,
2018-08-29,0.77,2.89,1204.5,2.709,,
2018-08-30,0.76,2.86,1197.699951,2.6905,,
2018-08-31,0.78,2.86,1200.300049,2.649,,
2018-09-04,0.8,2.9,1192.699951,2.5835,,
2018-09-05,0.81,2.9,1194.900024,2.5925,,
2018-09-06,0.8,2.88,1197.900024,2.6185,,
2018-09-07,0.84,2.94,1193.599976,2.6035,,
2018-09-10,0.84,2.94,1193.0,2.6105,,
2018-09-11,0.86,2.98,1195.400024,2.604,,
2018-09-12,0.85,2.97,1204.699951,2.6585,,
2018-09-13,0.87,2.97,1202.0,2.6645,,
2018-09-14,0.89,2.99,1195.0,2.6275,,
2018-09-17,0.89,2.99,1199.699951,2.6335,,
2018-09-18,0.92,3.05,1196.800049,2.712,,
2018-09-19,0.93,3.08,1202.199951,2.71,,
2018-09-20,0.92,3.07,1206.199951,2.721,,
2018-09-21,0.92,3.07,1196.199951,2.8365,,
2018-09-24,0.92,3.08,1199.300049,2.816,,
2018-09-25,0.94,3.1,1200.0,2.8035,,
2018-09-26,0.92,3.06,1194.0,2.807,,
2018-09-27,0.91,3.06,1182.300049,2.7645,,
2018-09-28,0.91,3.05,1191.5,2.787,,
2018-10-01,0.95,3.09,1187.099976,2.774,,
2018-10-02,0.93,3.05,1202.400024,2.795,,
2018-10-03,0.99,3.15,1198.300049,2.8225,,
2018-10-04,1.03,3.19,1197.199951,2.765,,
2018-10-05,1.07,3.23,1201.199951,2.751,,
2018-10-09,1.04,3.21,1187.199951,2.795,,
2018-10-10,1.06,3.22,1189.300049,2.769,,
2018-10-11,1.02,3.14,1223.5,2.797,,
2018-10-12,1.03,3.15,1218.099976,2.793,,
2018-10-15,1.03,3.16,1226.400024,2.7805,,
2018-10-16,1.03,3.16,1227.300049,2.7705,,
2018-10-17,1.06,3.19,1223.699951,2.767,,
2018-10-18,1.07,3.17,1226.5,2.7375,,
2018-10-19,1.09,3.2,1225.300049,2.768,,
2018-10-22,1.09,3.2,1221.199951,2.774,,
2018-10-23,1.08,3.17,1233.400024,2.747,,
2018-10-24,1.03,3.1,1227.800049,2.7465,,
2018-10-25,1.09,3.14,1229.099976,2.7485,,
2018-10-26,1.02,3.08,1232.5,2.744,,
2018-10-29,1.02,3.08,1224.5,2.7385,,
2018-10-30,1.07,3.12,1222.599976,2.663,,
2018-10-31,1.1,3.15,1212.300049,2.6635,,
2018-11-01,1.12,3.14,1236.0,2.7215,,
2018-11-02,1.16,3.22,1230.900024,2.803,,
2018-11-05,1.14,3.2,1229.800049,2.7555,,
2018-11-06,1.15,3.22,1223.800049,2.7305,,
2018-11-07,1.15,3.22,1226.199951,2.7525,,
2018-11-08,1.17,3.24,1222.900024,2.737,,
2018-11-09,1.15,3.19,1206.400024,2.6865,,
2018-11-13,1.12,3.14,1199.199951,2.687,,
2018-11-14,1.12,3.12,1207.900024,2.7095,,
2018-11-15,1.11,3.11,1212.800049,2.749,,
2018-11-16,1.06,3.08,1220.800049,2.804,,
2018-11-19,1.07,3.06,1223.099976,2.8045,,
2018-11-20,1.09,3.06,1219.0,2.7665,,
2018-11-21,1.09,3.06,1225.800049,2.7945,,
2018-11-26,1.11,3.07,1220.199951,2.7585,,
2018-11-27,1.15,3.06,1211.199951,2.7105,,
2018-11-28,1.12,3.06,1221.400024,2.796,,
2018-11-29,1.05,3.03,1224.099976,2.778,,
2018-11-30,1.04,3.01,1220.199951,2.7775,,
2018-12-03,1.02,2.98,1233.900024,2.7995,,
2018-12-04,0.97,2.91,1241.099976,2.7485,,
2018-12-06,0.97,2.87,1238.099976,2.7405,,
2018-12-07,0.96,2.85,1246.800049,2.7575,,
2018-12-10,0.99,2.85,1243.699951,2.7185,,
2018-12-11,1.06,2.89,1241.900024,2.766,,
2018-12-12,1.08,2.91,1244.400024,2.7685,,
2018-12-13,1.08,2.91,1242.699951,2.7625,,
2018-12-14,1.07,2.89,1237.0,2.7605,,
2018-12-17,1.05,2.86,1247.400024,2.753,,
2018-12-18,1.01,2.82,1249.199951,2.671,,
2018-12-19,0.97,2.77,1252.099976,2.7215,,
2018-12-20,1.03,2.79,1263.599976,2.702,,
2018-12-21,1.02,2.79,1253.800049,2.6785,,
2018-12-26,1.04,2.81,1269.199951,2.7085,,
2018-12-27,1.03,2.77,1277.300049,2.6675,,
2018-12-28,0.99,2.72,1279.900024,2.679,,
2018-12-31,0.98,2.69,1278.300049,2.628,,
2019-01-02,0.96,2.66,1281.0,2.625,,
2019-01-03,0.88,2.56,1291.800049,2.5705,,
2019-01-04,0.91,2.67,1282.699951,2.6515,,
2019-01-07,0.92,2.7,1286.800049,2.641,,
2019-01-08,0.91,2.73,1283.199951,2.6605,,
2019-01-09,0.91,2.74,1289.300049,2.662,,
2019-01-10,0.93,2.74,1284.699951,2.6435,,
2019-01-11,0.88,2.71,1287.099976,2.6695,,
2019-01-14,0.9,2.71,1289.099976,2.6455,,
2019-01-15,0.91,2.72,1286.199951,2.6505,,
2019-01-16,0.91,2.73,1291.599976,2.6935,,
2019-01-17,0.96,2.75,1291.0,2.7,,
2019-01-18,0.96,2.79,1281.300049,2.741,,
2019-01-22,0.95,2.74,1282.5,2.689,,
2019-01-23,0.96,2.76,1283.099976,2.694,,
2019-01-24,0.95,2.72,1279.099976,2.6735,,
2019-01-25,0.97,2.76,1297.400024,2.738,,
2019-01-28,0.97,2.75,1302.400024,2.6875,,
2019-01-29,0.94,2.72,1308.199951,2.732,,
2019-01-30,0.86,2.7,1309.900024,2.773,,
2019-01-31,0.78,2.63,1319.699951,2.789,,
2019-02-01,0.82,2.7,1316.900024,2.775,,
2019-02-04,0.86,2.73,1314.300049,2.795,,
2019-02-05,0.84,2.71,1314.199951,2.817,,
2019-02-06,0.84,2.7,1309.5,2.8355,,
2019-02-07,0.81,2.65,1309.400024,2.8285,,
2019-02-08,0.81,2.63,1313.699951,2.81,,
2019-02-11,0.83,2.65,1307.0,2.7915,,
2019-02-12,0.85,2.68,1309.199951,2.7745,,
2019-02-13,0.85,2.71,1310.800049,2.774,,
2019-02-14,0.81,2.66,1309.800049,2.776,,
2019-02-15,0.8,2.66,1318.099976,2.8025,,
2019-02-19,0.78,2.65,1340.099976,2.8815,,
2019-02-20,0.76,2.65,1343.300049,2.93,,
2019-02-21,0.78,2.69,1323.5,2.9025,,
2019-02-22,0.74,2.65,1329.199951,2.961,,
2019-02-25,0.75,2.67,1325.900024,2.95,,
2019-02-26,0.72,2.64,1325.099976,2.944,,
2019-02-27,0.76,2.69,1317.699951,2.959,,
2019-02-28,0.78,2.73,1312.800049,2.95,,
2019-03-01,0.8,2.76,1296.400024,2.9335,,
2019-03-04,0.78,2.72,1284.800049,2.911,,
2019-03-05,0.79,2.72,1282.0,2.936,,
2019-03-06,0.78,2.69,1284.900024,2.9185,,
2019-03-07,0.74,2.64,1283.800049,2.9115,,
2019-03-08,0.72,2.62,1297.0,2.894,,
2019-03-11,0.73,2.64,1288.800049,2.9,,
2019-03-12,0.71,2.61,1296.300049,2.9275,,
2019-03-13,0.69,2.61,1307.5,2.9335,,
2019-03-14,0.69,2.63,1293.400024,2.8885,,
2019-03-15,0.65,2.59,1301.800049,2.9035,,
2019-03-18,0.64,2.6,1300.300049,2.9035,,
2019-03-19,0.66,2.61,1305.0,2.9195,,
2019-03-20,0.58,2.54,1300.5,2.9155,,
2019-03-21,0.58,2.54,1306.099976,2.9,,
2019-03-22,0.54,2.44,1311.599976,2.836,,
2019-03-25,0.55,2.43,1321.900024,2.8495,,
2019-03-26,0.55,2.41,1314.300049,2.8505,,
2019-03-27,0.55,2.39,1309.900024,2.858,,
2019-03-28,0.56,2.39,1289.800049,2.8685,,
2019-03-29,0.53,2.41,1293.0,2.936,,
2019-04-01,0.59,2.49,1288.400024,2.9205,,
2019-04-02,0.58,2.48,1290.0,2.904,,
2019-04-03,0.61,2.52,1289.900024,2.9465,,
2019-04-04,0.61,2.51,1289.0,2.9085,,
2019-04-05,0.6,2.5,1290.400024,2.8925,,
2019-04-08,0.61,2.52,1297.099976,2.9295,,
2019-04-09,0.6,2.51,1303.5,2.9315,,
2019-04-10,0.54,2.48,1309.099976,2.9225,,
2019-04-11,0.57,2.51,1288.599976,2.886,,
2019-04-12,0.61,2.56,1290.599976,2.946,,
2019-04-15,0.61,2.55,1286.800049,2.934,,
2019-04-16,0.64,2.6,1272.599976,2.9305,,
2019-04-17,0.65,2.59,1272.199951,2.9755,,
2019-04-18,0.62,2.57,1271.900024,2.9275,,
2019-04-22,0.64,2.59,1273.5,2.9065,,
2019-04-23,0.62,2.57,1269.300049,2.8985,,
2019-04-24,0.57,2.53,1275.5,2.9175,,
2019-04-25,0.56,2.54,1275.800049,2.8775,,
2019-04-26,0.54,2.51,1284.900024,2.97,,
2019-04-29,0.58,2.54,1278.599976,2.895,,
2019-04-30,0.56,2.51,1282.800049,2.9015,,
2019-05-01,0.59,2.52,1281.400024,2.803,,
2019-05-02,0.66,2.55,1269.699951,2.784,,
2019-05-03,0.63,2.54,1279.199951,2.825,,
2019-05-06,0.6,2.51,1281.699951,2.837,,
2019-05-07,0.58,2.45,1283.5,2.794,,
2019-05-08,0.62,2.49,1279.400024,2.7855,,
2019-05-09,0.6,2.45,1283.5,2.7835,,
2019-05-10,0.59,2.47,1285.699951,2.785,,
2019-05-13,0.55,2.4,1300.099976,2.7295,,
2019-05-14,0.56,2.42,1294.699951,2.7345,,
2019-05-15,0.54,2.37,1296.300049,2.7535,,
2019-05-16,0.56,2.4,1285.0,2.7585,,
2019-05-17,0.58,2.39,1274.5,2.748,,
2019-05-20,0.6,2.41,1276.099976,2.736,,
2019-05-21,0.6,2.43,1272.0,2.7235,,
2019-05-22,0.6,2.39,1273.599976,2.686,,
2019-05-23,0.58,2.31,1284.800049,2.6865,,
2019-05-24,0.56,2.32,1283.0,2.7065,,
2019-05-28,0.53,2.26,1276.5,2.7035,,
2019-05-29,0.5,2.25,1280.599976,2.6725,,
2019-05-30,0.48,2.22,1287.099976,2.6605,,
2019-05-31,0.4,2.14,1305.800049,2.646,,
2019-06-03,0.34,2.07,1322.699951,2.6555,,
2019-06-04,0.38,2.12,1323.400024,2.6735,,
2019-06-05,0.37,2.12,1328.300049,2.627,,
2019-06-06,0.39,2.12,1337.599976,2.654,,
2019-06-07,0.35,2.09,1341.199951,2.6305,,
2019-06-10,0.42,2.15,1324.699951,2.664,,
2019-06-11,0.43,2.15,1326.400024,2.6755,,
2019-06-12,0.42,2.13,1331.900024,2.659,,
2019-06-13,0.42,2.1,1339.199951,2.661,,
2019-06-14,0.46,2.09,1340.099976,2.6345,,
2019-06-17,0.48,2.09,1338.699951,2.651,,
2019-06-18,0.42,2.06,1346.599976,2.707,,
2019-06-19,0.36,2.03,1344.599976,2.6845,,
2019-06-20,0.27,2.01,1392.900024,2.7155,,
2019-06-21,0.34,2.07,1396.199951,2.706,,
2019-06-24,0.31,2.02,1414.300049,2.7055,,
2019-06-25,0.33,2.0,1414.900024,2.7355,,
2019-06-26,0.35,2.05,1411.599976,2.711,,
2019-06-27,0.33,2.01,1408.400024,2.7125,,
2019-06-28,0.31,2.0,1409.699951,2.7055,,
2019-07-01,0.34,2.03,1385.599976,2.6795,,
2019-07-02,0.33,1.98,1404.599976,2.6575,,
2019-07-05,0.35,2.04,1396.699951,2.6585,,
2019-07-08,0.35,2.05,1397.0,2.656,,
2019-07-09,0.36,2.07,1397.5,2.6245,,
2019-07-10,0.33,2.07,1410.099976,2.693,,
2019-07-11,0.36,2.13,1404.300049,2.6825,,
2019-07-12,0.35,2.12,1409.900024,2.6915,,
2019-07-15,0.32,2.09,1411.400024,2.7075,,
2019-07-16,0.33,2.13,1409.199951,2.6935,,
2019-07-17,0.31,2.06,1421.300049,2.71,,
2019-07-18,0.25,2.04,1426.099976,2.704,,
2019-07-19,0.25,2.05,1425.099976,2.7445,,
2019-07-22,0.26,2.05,1425.300049,2.7145,,
2019-07-23,0.27,2.08,1420.099976,2.694,,
2019-07-24,0.26,2.05,1422.800049,2.704,,
2019-07-25,0.28,2.08,1413.900024,2.6955,,
2019-07-26,0.3,2.08,1418.5,2.6765,,
2019-07-29,0.29,2.06,1419.599976,2.7095,,
2019-07-30,0.28,2.06,1429.699951,2.6705,,
2019-07-31,0.26,2.02,1426.099976,2.658,,
2019-08-01,0.2,1.9,1420.900024,2.66,,
2019-08-02,0.2,1.86,1445.599976,2.565,,
2019-08-05,0.15,1.75,1464.599976,2.537,,
2019-08-06,0.11,1.73,1472.400024,2.551,,
2019-08-07,0.09,1.71,1507.300049,2.565,,
2019-08-08,0.07,1.72,1497.699951,2.602,,
2019-08-09,0.08,1.74,1496.599976,2.584,,
2019-08-12,0.04,1.65,1505.300049,2.58,,
2019-08-13,0.05,1.68,1502.199951,2.6245,,
2019-08-14,0.02,1.59,1515.900024,2.5865,,
2019-08-15,-0.02,1.52,1519.599976,2.5895,,
2019-08-16,0.01,1.55,1512.5,2.59,,
2019-08-19,0.04,1.6,1500.400024,2.597,,
2019-08-20,0.02,1.55,1504.599976,2.574,,
2019-08-21,0.05,1.59,1504.599976,2.5815,,
2019-08-22,0.07,1.62,1497.300049,2.5535,,
2019-08-23,-0.02,1.52,1526.599976,2.526,,
2019-08-26,0.0,1.54,1526.300049,2.54,,
2019-08-27,-0.06,1.49,1541.0,2.5435,,
2019-08-28,-0.08,1.47,1537.800049,2.551,,
2019-08-29,-0.09,1.5,1526.5,2.5595,,
2019-08-30,-0.05,1.5,1519.099976,2.533,,
2019-09-03,-0.03,1.47,1545.900024,2.5125,,
2019-09-04,-0.04,1.47,1550.300049,2.579,,
2019-09-05,0.01,1.57,1515.400024,2.6245,,
2019-09-06,0.01,1.55,1506.199951,2.6155,,
2019-09-09,0.06,1.63,1502.199951,2.6105,,
2019-09-10,0.12,1.72,1490.300049,2.6105,,
2019-09-11,0.15,1.75,1494.400024,2.5975,,
2019-09-12,0.16,1.79,1498.699951,2.6235,,
2019-09-13,0.23,1.9,1490.900024,2.681,,
2019-09-16,0.17,1.84,1503.099976,2.621,,
2019-09-17,0.15,1.81,1505.099976,2.6095,,
2019-09-18,0.21,1.8,1507.5,2.5955,,
2019-09-19,0.18,1.79,1498.400024,2.591,,
2019-09-20,0.13,1.74,1507.300049,2.59,,
2019-09-23,0.11,1.72,1523.699951,2.5945,,
2019-09-24,0.06,1.64,1532.099976,2.5895,,
2019-09-25,0.13,1.73,1504.599976,2.595,,
2019-09-26,0.13,1.7,1507.5,2.56,,
2019-09-27,0.16,1.69,1499.099976,2.583,,
2019-09-30,0.15,1.68,1465.699951,2.5645,,
2019-10-01,0.13,1.65,1482.0,2.552,,
2019-10-02,0.1,1.6,1501.0,2.5615,,
2019-10-03,0.06,1.54,1507.099976,2.5455,,
2019-10-04,0.02,1.52,1506.199951,2.5555,,
2019-10-07,0.05,1.56,1497.699951,2.572,,
2019-10-08,0.06,1.54,1497.199951,2.5635,,
2019-10-09,0.1,1.59,1506.099976,2.562,,
2019-10-10,0.15,1.67,1494.800049,2.605,,
2019-10-11,0.2,1.76,1482.699951,2.6185,,
2019-10-15,0.21,1.77,1477.599976,2.604,,
2019-10-16,0.18,1.75,1488.0,2.5795,,
2019-10-17,0.17,1.76,1492.300049,2.587,,
2019-10-18,0.16,1.76,1488.199951,2.625,,
2019-10-21,0.19,1.8,1482.400024,2.635,,
2019-10-22,0.17,1.78,1481.699951,2.622,,
2019-10-23,0.16,1.77,1489.900024,2.6625,,
2019-10-24,0.15,1.77,1498.900024,2.659,,
2019-10-25,0.15,1.8,1499.5,2.6665,,
2019-10-28,0.21,1.85,1490.0,2.6725,,
2019-10-29,0.23,1.84,1487.0,2.6825,,
2019-10-30,0.21,1.78,1493.199951,2.6805,,
2019-10-31,0.15,1.69,1511.400024,2.633,,
2019-11-01,0.14,1.73,1508.0,2.651,,
2019-11-04,0.15,1.79,1508.0,2.667,,
2019-11-05,0.18,1.86,1480.800049,2.695,,
2019-11-06,0.15,1.81,1490.199951,2.661,,
2019-11-07,0.23,1.92,1464.199951,2.724,,
2019-11-08,0.23,1.94,1461.300049,2.678,,
2019-11-12,0.22,1.92,1452.099976,2.642,,
2019-11-13,0.22,1.88,1461.699951,2.6365,,
2019-11-14,0.2,1.82,1471.800049,2.6185,,
2019-11-15,0.21,1.84,1467.300049,2.635,,
2019-11-18,0.18,1.81,1470.900024,2.6175,,
2019-11-19,0.16,1.79,1473.300049,2.6535,,
2019-11-20,0.13,1.73,1473.300049,2.6465,,
2019-11-21,0.14,1.77,1463.099976,2.621,,
2019-11-22,0.15,1.77,1463.099976,2.6475,,
2019-11-25,0.14,1.76,1456.599976,2.6475,,
2019-11-26,0.12,1.74,1459.800049,2.6745,,
2019-11-27,0.14,1.77,1453.400024,2.6745,,
2019-12-02,0.18,1.83,1462.300049,2.6325,,
2019-12-03,0.09,1.72,1478.199951,2.608,,
2019-12-04,0.11,1.77,1474.0,2.644,,
2019-12-05,0.13,1.8,1476.900024,2.6485,,
2019-12-06,0.15,1.84,1459.099976,2.711,,
2019-12-09,0.14,1.83,1459.300049,2.7465,,
2019-12-10,0.14,1.85,1462.599976,2.7555,,
2019-12-11,0.1,1.79,1469.400024,2.7825,,
2019-12-12,0.18,1.9,1466.699951,2.7895,,
2019-12-13,0.12,1.82,1475.599976,2.7805,,
2019-12-16,0.16,1.89,1475.0,2.8205,,
2019-12-17,0.14,1.89,1474.599976,2.8195,,
2019-12-18,0.16,1.92,1472.599976,2.817,,
2019-12-19,0.15,1.92,1478.199951,2.8315,,
2019-12-20,0.15,1.92,1474.699951,2.811,,
2019-12-23,0.18,1.93,1482.5,2.817,,
2019-12-26,0.16,1.9,1509.300049,2.8645,,
2019-12-27,0.15,1.88,1513.800049,2.8365,,
2019-12-30,0.15,1.9,1514.5,2.8275,,
2019-12-31,0.15,1.92,1519.5,2.794,,
2020-01-02,0.08,1.88,1524.5,2.833,,
2020-01-03,0.03,1.8,1549.199951,2.7985,,
2020-01-06,0.06,1.81,1566.199951,2.8005,,
2020-01-07,0.09,1.83,1571.800049,2.804,,
2020-01-08,0.12,1.87,1557.400024,2.819,,
2020-01-09,0.11,1.85,1551.699951,2.8105,,
2020-01-10,0.07,1.83,1557.5,2.8185,,
2020-01-13,0.08,1.85,1548.400024,2.8615,,0.89955
2020-01-14,0.05,1.82,1542.400024,2.876,,0.89801
2020-01-15,0.04,1.79,1552.099976,2.87,,0.8984
2020-01-16,0.07,1.81,1549.0,2.852,,
2020-01-17,0.09,1.84,1558.800049,2.8495,,
2020-01-21,0.04,1.78,1556.400024,2.7985,,
2020-01-22,0.05,1.77,1555.300049,2.767,,
2020-01-23,0.04,1.74,1564.599976,2.726,,0.90119
2020-01-24,0.02,1.7,1571.099976,2.6855,,0.90455
2020-01-27,-0.02,1.61,1576.800049,2.5965,,0.907
2020-01-28,0.0,1.65,1569.199951,2.5795,,0.90746
2020-01-29,-0.04,1.6,1569.800049,2.5535,,0.90723
2020-01-30,-0.07,1.57,1583.5,2.5235,,
2020-01-31,-0.14,1.51,1582.900024,2.52,,
2020-02-03,-0.09,1.54,1577.199951,2.513,,
2020-02-04,-0.03,1.61,1550.400024,2.5475,,
2020-02-05,0.0,1.66,1557.800049,2.579,,
2020-02-06,-0.02,1.65,1565.099976,2.5985,,
2020-02-07,-0.07,1.59,1568.599976,2.559,,
2020-02-10,-0.1,1.56,1574.699951,2.5575,,
2020-02-11,-0.06,1.59,1565.599976,2.5885,,
2020-02-12,-0.04,1.62,1567.400024,2.606,,
2020-02-13,-0.06,1.61,1575.099976,2.6195,,
2020-02-14,-0.07,1.59,1582.699951,2.6055,,
2020-02-18,-0.1,1.55,1600.0,2.61,,
2020-02-19,-0.09,1.56,1607.5,2.6125,,
2020-02-20,-0.11,1.52,1616.599976,2.595,,
2020-02-21,-0.15,1.46,1644.599976,2.618,,
2020-02-24,-0.21,1.38,1672.400024,2.5925,,
2020-02-25,-0.2,1.33,1646.900024,2.5965,,
2020-02-26,-0.21,1.33,1640.0,2.5765,,
2020-02-27,-0.23,1.3,1643.099976,2.5715,,
2020-02-28,-0.28,1.13,1642.5,2.546,,
2020-03-02,-0.31,1.1,1566.699951,2.601,,
2020-03-03,-0.43,1.02,1594.800049,2.5795,,
2020-03-04,-0.44,1.02,1644.400024,2.593,,
2020-03-05,-0.48,0.92,1643.0,2.5825,,
2020-03-06,-0.57,0.74,1668.0,2.573,,
2020-03-09,-0.45,0.54,1672.400024,2.524,,
2020-03-10,-0.24,0.76,1675.699951,2.534,,
2020-03-11,-0.14,0.82,1660.300049,2.512,,
2020-03-12,-0.04,0.88,1642.300049,2.481,,
2020-03-13,0.04,0.94,1590.300049,2.474,,
2020-03-16,0.0,0.73,1516.699951,2.3985,,0.89643
2020-03-17,0.39,1.02,1486.5,2.3155,,0.8958
2020-03-18,0.55,1.18,1525.800049,2.1605,,0.90781
2020-03-19,0.62,1.12,1477.900024,2.2,,0.91228
2020-03-20,0.17,0.92,1479.300049,2.1905,,0.93832
2020-03-23,-0.04,0.76,1575.699951,2.1195,,0.93507
2020-03-24,-0.13,0.84,1696.099976,2.1975,,0.92897
2020-03-25,-0.19,0.88,1638.099976,2.234,,0.9257
2020-03-26,-0.24,0.83,1636.599976,2.208,,0.9165
2020-03-27,-0.22,0.72,1630.599976,2.197,,0.90512
2020-03-30,-0.25,0.7,1637.199951,2.162,,0.89774
2020-03-31,-0.17,0.7,1592.400024,2.24,,0.90658
2020-04-01,-0.29,0.62,1605.199951,2.192,,0.9069
2020-04-02,-0.4,0.63,1637.699951,2.233,,0.91294
2020-04-03,-0.46,0.62,1648.800049,2.21,,0.92188
2020-04-06,-0.47,0.67,1730.699951,2.235,,0.92533
2020-04-07,-0.42,0.75,1693.900024,2.2885,,0.9256
2020-04-08,-0.42,0.77,1680.699951,2.278,,0.91784
2020-04-09,-0.5,0.73,1740.599976,2.2775,,0.9205
2020-04-13,-0.5,0.76,1769.400024,2.3205,,0.91469
2020-04-14,-0.53,0.76,1751.300049,2.347,,0.9155
2020-04-15,-0.56,0.63,1743.300049,2.3125,,0.9103
2020-04-16,-0.42,0.61,1730.099976,2.3045,,0.917002
2020-04-17,-0.36,0.65,1694.5,2.3535,,0.92094
2020-04-20,-0.31,0.63,1707.699951,2.3345,,0.92022
2020-04-21,-0.38,0.58,1706.0,2.267,,0.9204
2020-04-22,-0.43,0.63,1687.800049,2.3175,,0.92111
2020-04-23,-0.44,0.61,1747.599976,2.324,,0.9251
2020-04-24,-0.51,0.6,1745.699951,2.348,,0.9279
2020-04-27,-0.5,0.67,1720.300049,2.382,,0.9239
2020-04-28,-0.52,0.62,1721.0,2.379,,0.9238
2020-04-29,-0.51,0.63,1722.199951,2.3745,,0.9228
2020-04-30,-0.43,0.64,1713.400024,2.354,,0.91935
2020-05-01,-0.42,0.64,1694.199951,2.3185,,0.91362
2020-05-04,-0.43,0.64,1700.900024,2.324,,0.91244
2020-05-05,-0.44,0.66,1712.099976,2.341,,0.91707
2020-05-06,-0.38,0.72,1691.900024,2.3525,,0.92263
2020-05-07,-0.45,0.63,1723.199951,2.3855,,0.92605
2020-05-08,-0.43,0.69,1704.800049,2.4085,,0.92275
2020-05-11,-0.4,0.73,1700.099976,2.382,,0.92255
2020-05-12,-0.4,0.69,1706.099976,2.3605,,0.92512
2020-05-13,-0.43,0.64,1725.800049,2.349,,0.92193
2020-05-14,-0.43,0.63,1742.800049,2.351,,0.9239
2020-05-15,-0.45,0.64,1754.099976,2.3335,,0.92533
2020-05-18,-0.44,0.73,1736.5,2.405,,0.9241
2020-05-19,-0.45,0.7,1749.0,2.423,107.380997,0.91616
2020-05-20,-0.48,0.68,1749.699951,2.4675,107.809998,0.9151
2020-05-21,-0.46,0.68,1725.300049,2.452,107.591003,0.9105
2020-05-22,-0.46,0.66,1734.699951,2.409,107.630997,0.913
2020-05-25,,,,2.408,107.735001,0.916775
2020-05-26,-0.44,0.69,1702.699951,2.4385,107.686996,0.917179
2020-05-27,-0.46,0.68,1713.900024,2.4025,107.490997,0.9106
2020-05-28,-0.48,0.7,1731.900024,2.413,107.797997,0.9077
2020-05-29,-0.5,0.65,1751.699951,2.4265,107.642998,0.9026
2020-06-01,-0.52,0.66,1751.099976,2.4745,107.708,0.8994
2020-06-02,-0.5,0.68,1730.900024,2.4945,107.547997,0.8988
2020-06-03,-0.44,0.77,1707.5,2.4965,108.808998,0.8937
2020-06-04,-0.4,0.82,1719.800049,2.493,108.999001,0.89
2020-06-05,-0.36,0.91,1688.599976,2.557,109.150002,0.882
2020-06-08,-0.4,0.88,1704.800049,2.57,109.634003,0.88343
2020-06-09,-0.42,0.84,1721.199951,2.6005,108.408997,0.88452
2020-06-10,-0.52,0.75,1745.099976,2.657,107.796997,0.88244
2020-06-11,-0.55,0.66,1736.0,2.5865,106.981003,0.87986
2020-06-12,-0.5,0.71,1737.300049,2.6015,106.803001,0.88589
2020-06-15,-0.52,0.71,1737.300049,2.5685,107.310997,0.88873
2020-06-16,-0.52,0.75,1727.199951,2.566,107.463997,0.88201
2020-06-17,-0.52,0.74,1736.5,2.592,107.410004,0.88765
2020-06-18,-0.57,0.71,1735.599976,2.591,106.765999,0.88945
2020-06-19,-0.6,0.7,1731.099976,2.615,,0.891981
2020-06-22,-0.63,0.71,1753.0,2.6555,,0.89465
2020-06-23,-0.66,0.72,1766.400024,2.66,,0.88655
2020-06-24,-0.64,0.69,1782.0,2.6505,,0.88399
2020-06-25,-0.65,0.68,1775.099976,2.6625,,0.88882
2020-06-26,-0.68,0.64,1770.599976,2.672,,0.8911
2020-06-29,-0.7,0.64,1780.300049,2.6795,,0.8908
2020-06-30,-0.68,0.66,1781.199951,2.7135,,0.88911
2020-07-01,-0.68,0.69,1800.5,2.717,,0.89
2020-07-02,-0.73,0.68,1779.900024,2.7335,,0.88878
2020-07-06,-0.76,0.69,1788.5,2.766,,0.88911
2020-07-07,-0.78,0.65,1804.199951,2.7875,,0.88395
2020-07-08,-0.75,0.67,1815.5,2.8145,,0.8869
2020-07-09,-0.77,0.62,1799.199951,2.828,,0.8819
2020-07-10,-0.76,0.65,1798.199951,2.887,,0.8859
2020-07-13,-0.78,0.64,1811.0,2.942,,0.88417
2020-07-14,-0.78,0.63,1810.599976,2.916,,0.881407
2020-07-15,-0.77,0.64,1811.400024,2.8705,,0.87637
2020-07-16,-0.79,0.62,1798.699951,2.886,,0.875872
2020-07-17,-0.82,0.64,1808.300049,2.8875,,0.8778
2020-07-20,-0.84,0.62,1815.900024,2.8985,,0.8739
2020-07-21,-0.87,0.61,1842.400024,2.941,,0.8727
2020-07-22,-0.88,0.6,1864.099976,2.9085,,0.867
2020-07-23,-0.9,0.59,1889.099976,2.9245,,0.8644
2020-07-24,-0.92,0.59,1897.300049,2.882,,0.86236
2020-07-27,-0.9,0.62,1931.0,2.888,,0.85818
2020-07-28,-0.92,0.59,1944.699951,2.905,,0.84967
2020-07-29,-0.95,0.58,1953.5,2.9055,,0.85333
2020-07-30,-0.97,0.55,1942.300049,2.9045,,0.84869
2020-07-31,-1.0,0.55,1962.800049,2.859,,0.8423
2020-08-03,-1.02,0.56,1966.0,2.908,,0.84873
2020-08-04,-1.05,0.52,2001.199951,2.8895,,0.8501
2020-08-05,-1.06,0.55,2031.099976,2.9115,,0.84635
2020-08-06,-1.08,0.55,2051.5,2.9055,,0.84226
2020-08-07,-1.04,0.57,2010.099976,2.7905,,0.842
2020-08-10,-1.02,0.59,2024.400024,2.8585,,0.8487
2020-08-11,-0.99,0.64,1932.599976,2.872,,0.85195
2020-08-12,-0.98,0.69,1934.900024,2.887,,0.85204
2020-08-13,-0.96,0.71,1956.699951,2.804,,0.847903
2020-08-14,-0.94,0.71,1937.0,2.856,,0.84627
2020-08-17,-0.97,0.69,1985.0,2.898,,0.8437
2020-08-18,-1.01,0.67,1999.400024,2.971,,0.842
2020-08-19,-0.99,0.68,1958.699951,3.019,,0.83697
2020-08-20,-0.97,0.65,1933.800049,2.97,,0.844345
2020-08-21,-1.0,0.64,1934.599976,2.9135,,0.8422
2020-08-24,-1.02,0.65,1927.699951,2.9225,,0.8476
2020-08-25,-1.01,0.69,1911.800049,2.931,,0.84785
2020-08-26,-1.03,0.69,1940.699951,2.9595,,0.84495
2020-08-27,-0.99,0.74,1921.599976,2.965,,0.8444
2020-08-28,-1.03,0.74,1964.599976,2.995,,0.84605
2020-08-31,-1.08,0.72,1967.599976,3.041,,0.83905
2020-09-01,-1.08,0.68,1968.199951,3.0095,,0.83759
2020-09-02,-1.07,0.66,1934.400024,3.003,,0.8387
2020-09-03,-1.02,0.63,1927.599976,2.958,,0.84407
2020-09-04,-0.98,0.72,1923.900024,3.0465,,0.84461
2020-09-08,-0.99,0.69,1933.0,3.0125,,0.8459
2020-09-09,-1.0,0.71,1944.699951,3.04,,0.8496
2020-09-10,-1.01,0.68,1954.199951,2.987,,0.847
2020-09-11,-0.98,0.67,1937.800049,3.034,,0.84571
2020-09-14,-0.97,0.68,1953.099976,3.0665,,0.8444
2020-09-15,-0.99,0.68,1956.300049,3.063,,0.84246
2020-09-16,-0.99,0.69,1960.199951,3.058,,0.84428
2020-09-17,-0.97,0.69,1940.0,3.0665,,0.84721
2020-09-18,-0.97,0.7,1952.099976,3.1135,,0.84401
2020-09-21,-0.94,0.68,1901.199951,3.0295,,0.8442
2020-09-22,-0.94,0.68,1898.599976,3.059,,0.849762
2020-09-23,-0.92,0.68,1859.900024,2.9935,,0.85409
2020-09-24,-0.91,0.67,1868.300049,2.969,,0.85774
2020-09-25,-0.92,0.66,1857.699951,2.973,,0.85666
2020-09-28,-0.94,0.67,1872.800049,2.9895,,0.85945
2020-09-29,-0.98,0.66,1894.300049,2.9835,,0.85625
2020-09-30,-0.94,0.69,1887.5,3.0285,,0.85164
2020-10-01,-0.95,0.68,1908.400024,2.8635,,0.8528
2020-10-02,-0.94,0.7,1900.199951,2.9785,105.542999,0.85143
2020-10-05,-0.9,0.78,1912.5,2.965,105.510002,0.85321
2020-10-06,-0.9,0.76,1901.099976,2.9655,105.707001,0.848
2020-10-07,-0.9,0.81,1883.599976,3.0345,105.639999,0.85196
2020-10-08,-0.94,0.78,1888.599976,3.042,105.964996,0.8498
2020-10-09,-0.94,0.79,1919.5,3.0795,106.017998,0.849834
2020-10-12,,,1922.5,3.061,105.632004,0.84625
2020-10-13,-0.96,0.74,1888.5,3.0425,105.338997,0.8463
2020-10-14,-0.96,0.73,1901.300049,3.0475,105.470001,0.85163
2020-10-15,-0.95,0.74,1903.199951,3.083,105.139,0.8515
2020-10-16,-0.95,0.76,1900.800049,3.065,105.360001,0.85418
2020-10-19,-0.93,0.78,1906.400024,3.081,105.427002,0.85357
2020-10-20,-0.91,0.81,1910.400024,3.1435,105.470001,0.8497
2020-10-21,-0.91,0.83,1924.599976,3.1945,105.476997,0.84532
2020-10-22,-0.89,0.87,1901.099976,3.15,104.676003,0.8436
2020-10-23,-0.9,0.85,1902.0,3.1255,104.920998,0.84638
2020-10-26,-0.91,0.81,1902.699951,3.0885,104.682999,0.84399
2020-10-27,-0.92,0.79,1908.800049,3.09,104.832001,0.84678
2020-10-28,-0.91,0.79,1876.199951,3.057,104.544998,0.8486
2020-10-29,-0.86,0.85,1865.599976,3.052,104.315002,0.85116
2020-10-30,-0.82,0.88,1877.400024,3.0435,104.554001,0.85626
2020-11-02,-0.84,0.87,1890.400024,3.0735,,0.85895
2020-11-03,-0.82,0.9,1908.5,3.087,,0.8589
2020-11-04,-0.86,0.78,1894.599976,3.101,,0.85018
2020-11-05,-0.87,0.79,1945.300049,3.1045,,0.85232
2020-11-06,-0.82,0.83,1950.300049,3.149,,0.8462
2020-11-09,-0.77,0.96,1853.199951,3.1515,,0.84083
2020-11-10,-0.78,0.98,1875.400024,3.1505,,0.8455
2020-11-11,,,1860.699951,3.129,,0.84611
2020-11-12,-0.83,0.88,1872.599976,3.143,,0.848875
2020-11-13,-0.83,0.89,1885.699951,3.1755,,0.847214
2020-11-16,-0.81,0.91,1887.300049,3.22,,0.84422
2020-11-17,-0.83,0.87,1884.5,3.1965,,0.84321
2020-11-18,-0.82,0.88,1873.5,3.198,,0.84291
2020-11-19,-0.84,0.86,1861.099976,3.2035,,0.84405
2020-11-20,-0.86,0.83,1872.599976,3.2935,,0.84271
2020-11-23,-0.85,0.86,1837.800049,3.2595,,0.84271
2020-11-24,-0.86,0.88,1804.800049,3.3,,0.8444
2020-11-25,-0.87,0.88,1805.699951,3.312,,0.8403
2020-11-27,-0.91,0.84,1788.099976,3.4175,,0.839208
2020-11-30,-0.93,0.84,1775.699951,3.4205,,0.83532
2020-12-01,-0.89,0.92,1814.099976,3.468,,0.83765
2020-12-02,-0.9,0.95,1825.699951,3.475,,0.8282
2020-12-03,-0.94,0.92,1836.800049,3.479,,0.82545
2020-12-04,-0.92,0.97,1835.900024,3.514,,0.82334
2020-12-07,-0.94,0.94,1861.800049,3.5085,,0.82499
2020-12-08,-0.97,0.92,1870.800049,3.494,,0.82555
2020-12-09,-0.96,0.95,1834.599976,3.508,,0.8257
2020-12-10,-0.96,0.92,1833.599976,3.5705,,0.8279
2020-12-11,-0.97,0.9,1839.800049,3.524,,0.823432
2020-12-14,-0.98,0.9,1828.699951,3.522,103.939003,0.824171
2020-12-15,-0.99,0.92,1852.300049,3.538,104.010002,0.82312
2020-12-16,-1.0,0.92,1856.099976,3.554,103.634003,0.822754
2020-12-17,-1.0,0.94,1887.199951,3.597,103.474998,0.8197
2020-12-18,-1.0,0.95,1885.699951,3.6285,103.130997,0.81548
2020-12-21,-1.0,0.95,1879.199951,3.573,103.457001,0.81859
2020-12-22,-1.01,0.93,1866.599976,3.518,103.339996,0.8172
2020-12-23,-1.01,0.96,1874.699951,3.552,103.533997,0.82057
2020-12-24,-1.03,0.94,1883.199951,3.5625,103.552002,0.82025
2020-12-28,-1.03,0.94,1877.199951,3.57,103.532997,0.81933
2020-12-29,-1.02,0.94,1879.699951,3.553,103.689003,0.8181
2020-12-30,-1.03,0.93,1891.0,3.543,103.558998,0.81613
2020-12-31,-1.06,0.93,1893.099976,3.514,103.121002,0.813015
2021-01-04,-1.08,0.93,1944.699951,3.553,103.238998,0.81628
2021-01-05,-1.07,0.96,1952.699951,3.6405,103.125,0.81622
2021-01-06,-1.02,1.04,1906.900024,3.65,102.678001,0.81299
2021-01-07,-1.01,1.08,1912.300049,3.6955,103.024002,0.8103
2021-01-08,-0.93,1.13,1834.099976,3.6735,103.790001,0.8149
2021-01-11,-0.91,1.15,1849.599976,3.564,104.091003,0.8206
2021-01-12,-0.93,1.15,1842.900024,3.605,104.127998,0.822321
2021-01-13,-0.96,1.1,1853.599976,3.617,103.751999,0.819075
2021-01-14,-0.94,1.15,1850.300049,3.668,103.836998,0.8222
2021-01-15,-0.99,1.11,1829.300049,3.603,103.828003,0.82296
2021-01-18,,,1839.0,3.6185,103.907997,0.82863
2021-01-19,-1.0,1.1,1839.5,3.636,103.703003,0.828
2021-01-20,-1.02,1.1,1865.900024,3.6475,103.897003,0.8238
2021-01-21,-0.98,1.12,1865.300049,3.6555,103.555,0.82538
2021-01-22,-0.99,1.1,1855.699951,3.6355,103.505997,0.821943
2021-01-25,-1.03,1.05,1854.900024,3.6405,103.777,0.82173
2021-01-26,-1.03,1.05,1850.699951,3.628,103.760002,0.8233
2021-01-27,-1.04,1.04,1844.900024,3.5715,103.602997,0.822166
2021-01-28,-1.06,1.07,1837.900024,3.583,104.142998,0.8261
2021-01-29,-1.02,1.11,1847.300049,3.5735,104.291,0.82508
2021-02-01,-1.02,1.09,1860.800049,3.562,104.685997,0.82482
2021-02-02,-1.03,1.12,1830.5,3.539,104.880997,0.82859
2021-02-03,-1.04,1.15,1832.199951,3.5785,105.028,0.83063
2021-02-04,-1.02,1.15,1788.900024,3.566,104.995003,0.8304
2021-02-05,-1.02,1.19,1810.900024,3.639,105.571999,0.83565
2021-02-08,-1.03,1.19,1831.900024,3.679,105.400002,0.82996
2021-02-09,-1.04,1.18,1835.300049,3.7335,105.209999,0.829628
2021-02-10,-1.06,1.15,1840.599976,3.7855,104.574997,0.825083
2021-02-11,-1.04,1.16,1824.900024,3.7875,104.614998,0.825
2021-02-12,-1.01,1.2,1821.599976,3.802,104.740997,0.8243
2021-02-15,,,1824.699951,3.8355,105.058998,0.82494
2021-02-16,-0.94,1.3,1797.199951,3.848,105.387001,0.824253
2021-02-17,-0.92,1.29,1771.099976,3.836,106.102997,0.82696
2021-02-18,-0.87,1.29,1773.400024,3.9165,105.861,0.830013
2021-02-19,-0.8,1.34,1775.800049,4.09,105.652,0.827
2021-02-22,-0.79,1.37,1806.699951,4.1525,105.514,0.82465
2021-02-23,-0.79,1.37,1804.400024,4.1875,104.984001,0.821909
2021-02-24,-0.79,1.38,1796.400024,4.301,105.282997,0.8229
2021-02-25,-0.6,1.54,1774.400024,4.266,105.944,0.8216
2021-02-26,-0.71,1.44,1728.099976,4.0945,106.378998,0.82234
2021-03-01,-0.71,1.45,1722.5,4.1195,106.502998,0.82716
2021-03-02,-0.78,1.42,1733.099976,4.2315,106.850998,0.8298
2021-03-03,-0.74,1.47,1715.300049,4.153,106.758003,0.82744
2021-03-04,-0.66,1.54,1700.199951,3.991,107.057999,0.82983
2021-03-05,-0.66,1.56,1698.0,4.087,107.955002,0.83558
2021-03-08,-0.62,1.59,1677.699951,4.1035,108.418999,0.83853
2021-03-09,-0.66,1.55,1716.599976,4.0195,108.939003,0.84376
2021-03-10,-0.73,1.53,1721.5,4.042,108.577003,0.840484
2021-03-11,-0.74,1.54,1722.300049,4.143,108.431999,0.8385
2021-03-12,-0.62,1.64,1719.5,4.1455,108.555,0.8343
2021-03-15,-0.65,1.62,1728.900024,4.1465,109.116997,0.83682
2021-03-16,-0.68,1.62,1730.599976,4.079,109.134003,0.83852
2021-03-17,-0.67,1.63,1726.800049,4.128,109.028999,0.84022
2021-03-18,-0.56,1.71,1732.199951,4.117,108.890999,0.83453
2021-03-19,-0.57,1.74,1741.400024,4.1235,108.931,0.83905
2021-03-22,-0.64,1.69,1737.800049,4.149,108.871002,0.84153
2021-03-23,-0.66,1.63,1724.699951,4.088,108.776001,0.83801
2021-03-24,-0.69,1.62,1732.900024,4.0715,108.519997,0.84458
2021-03-25,-0.69,1.63,1724.900024,3.985,108.790001,0.84652
2021-03-26,-0.67,1.67,1732.199951,4.0785,109.179001,0.84914
2021-03-29,-0.63,1.73,1712.099976,4.043,109.791,0.84832
2021-03-30,-0.62,1.73,1683.900024,3.983,109.835999,0.849545
2021-03-31,-0.63,1.74,1713.800049,4.003,110.305,0.85298
2021-04-01,-0.66,1.69,1726.5,4.0035,110.75,0.8526
2021-04-02,-0.64,1.72,1726.5,4.0035,110.612999,0.8489
2021-04-05,-0.62,1.73,1727.0,4.149,110.677002,0.84975
2021-04-06,-0.65,1.67,1741.5,4.1265,110.193001,0.8461
2021-04-07,-0.66,1.68,1740.099976,4.064,109.792999,0.84216
2021-04-08,-0.69,1.64,1756.800049,4.1035,109.851997,0.8422
2021-04-09,-0.64,1.67,1743.300049,4.0505,109.330002,0.83923
2021-04-12,-0.64,1.69,1731.199951,4.03,109.694,0.8403
2021-04-13,-0.69,1.64,1746.199951,4.043,109.374001,0.8393
2021-04-14,-0.69,1.64,1734.900024,4.14,108.924004,0.83653
2021-04-15,-0.77,1.56,1765.400024,4.2305,108.893997,0.8343
2021-04-16,-0.77,1.59,1779.0,4.18,108.689003,0.8353
2021-04-19,-0.73,1.61,1769.400024,4.25,108.719002,0.83546
2021-04-20,-0.74,1.58,1777.300049,4.224,108.098,0.8302
2021-04-21,-0.76,1.57,1792.300049,4.2865,108.133003,0.83109
2021-04-22,-0.76,1.57,1781.199951,4.2805,108.039001,0.83072
2021-04-23,-0.76,1.58,1777.0,4.343,107.977997,0.83231
2021-04-26,-0.78,1.58,1779.199951,4.448,107.874001,0.82714
2021-04-27,-0.76,1.63,1778.0,4.743,108.202003,0.8277
2021-04-28,-0.78,1.63,1773.199951,4.537,108.75,0.827109
2021-04-29,-0.77,1.65,1768.099976,4.493,108.504997,0.824
2021-04-30,-0.76,1.65,1767.300049,4.479,108.903999,0.8246
2021-05-03,-0.79,1.63,1791.400024,4.543,109.282997,0.83141
2021-05-04,-0.81,1.61,1775.800049,4.536,109.086998,0.8291
2021-05-05,-0.88,1.59,1784.099976,4.539,109.329002,0.83229
2021-05-06,-0.87,1.58,1815.5,4.619,109.219002,0.83278
2021-05-07,-0.89,1.6,1831.099976,4.766,109.050003,0.8286
2021-05-10,-0.91,1.63,1837.5,4.7335,108.571999,0.82162
2021-05-11,-0.89,1.64,1835.900024,4.7785,108.844002,0.82366
2021-05-12,-0.85,1.69,1822.599976,4.7525,108.714996,0.823418
2021-05-13,-0.85,1.66,1823.800049,4.7055,109.664001,0.827917
2021-05-14,-0.88,1.63,1837.900024,4.664,109.515999,0.828
2021-05-17,-0.9,1.64,1867.5,4.7215,109.412003,0.82302
2021-05-18,-0.88,1.64,1867.800049,4.7355,109.241997,0.82258
2021-05-19,-0.8,1.68,1881.300049,4.5895,108.867996,0.818063
2021-05-20,-0.78,1.63,1881.800049,4.582,109.273003,0.8215
2021-05-21,-0.8,1.63,1876.699951,4.496,108.860001,0.81797
2021-05-24,-0.83,1.61,1884.599976,4.5415,108.918999,0.8208
2021-05-25,-0.86,1.56,1898.099976,4.522,108.850998,0.81869
2021-05-26,-0.82,1.58,1901.300049,4.533,108.802002,0.816387
2021-05-27,-0.81,1.61,1895.699951,4.6665,109.169998,0.82017
2021-05-28,-0.84,1.58,1902.5,4.6825,109.808998,0.82013
2021-05-31,,,1909.5,4.6695,109.906998,0.82034
2021-06-01,-0.84,1.62,1902.900024,4.662,109.492996,0.81747
2021-06-02,-0.85,1.59,1907.5,4.6,109.492996,0.81848
2021-06-03,-0.79,1.63,1871.199951,4.4715,109.595001,0.81901
2021-06-04,-0.84,1.56,1889.800049,4.5375,110.265999,0.824198
2021-06-07,-0.82,1.57,1896.800049,4.535,109.616997,0.8218
2021-06-08,-0.83,1.53,1892.199951,4.563,109.274002,0.8201
2021-06-09,-0.82,1.5,1893.199951,4.5365,109.469002,0.8215
2021-06-10,-0.9,1.45,1894.199951,4.49,109.610001,0.820883
2021-06-11,-0.85,1.47,1877.400024,4.5415,109.408997,0.82152
2021-06-14,-0.85,1.51,1864.0,4.532,109.709,0.82575
2021-06-15,-0.87,1.51,1854.5,4.34,110.041,0.82493
2021-06-16,-0.75,1.57,1859.5,4.3925,110.084,0.8246
2021-06-17,-0.75,1.52,1773.800049,4.1845,110.769997,0.83364
2021-06-18,-0.79,1.45,1767.900024,4.1625,110.324997,0.83939
2021-06-21,-0.75,1.5,1781.800049,4.1875,110.200996,0.8422
2021-06-22,-0.83,1.48,1776.300049,4.2345,110.374001,0.83945
2021-06-23,-0.84,1.5,1782.300049,4.331,110.653999,0.83775
2021-06-24,-0.81,1.49,1775.599976,4.3115,111.012001,0.838
2021-06-25,-0.8,1.54,1776.599976,4.299,110.920998,0.8382
2021-06-28,-0.84,1.49,1779.599976,4.278,110.821999,0.83737
2021-06-29,-0.83,1.49,1762.800049,4.2765,110.602997,0.8383
2021-06-30,-0.87,1.45,1770.800049,4.2965,110.535004,0.8402
2021-07-01,-0.87,1.48,1775.900024,4.242,111.124001,0.8434
2021-07-02,-0.89,1.44,1782.599976,4.282,111.571999,0.84415
2021-07-05,,,1792.0,4.3375,111.135002,0.84344
2021-07-06,-0.94,1.37,1793.5,4.258,110.916,0.8429
2021-07-07,-0.95,1.33,1801.5,4.329,110.601997,0.8457
2021-07-08,-0.92,1.3,1799.599976,4.2715,110.635002,0.847932
2021-07-09,-0.91,1.37,1810.0,4.3525,109.801003,0.844024
2021-07-12,-0.95,1.38,1805.5,4.323,110.214996,0.84225
2021-07-13,-0.94,1.42,1809.400024,4.3145,110.324997,0.8428
2021-07-14,-0.97,1.37,1824.300049,4.277,110.595001,0.84923
2021-07-15,-1.01,1.31,1828.400024,4.333,109.984001,0.84507
2021-07-16,-1.02,1.31,1814.5,4.3325,109.778,0.84661
2021-07-19,-1.05,1.19,1808.699951,4.2105,109.874001,0.846453
2021-07-20,-1.03,1.23,1810.900024,4.2735,109.533997,0.8479
2021-07-21,-0.98,1.3,1802.900024,4.2825,109.919998,0.8486
2021-07-22,-1.01,1.27,1805.0,4.348,110.254997,0.84798
2021-07-23,-1.05,1.3,1801.400024,4.4065,110.139999,0.84942
2021-07-26,-1.11,1.29,1798.699951,4.589,110.543999,0.84937
2021-07-27,-1.13,1.25,1799.5,4.546,110.302002,0.8469
2021-07-28,-1.15,1.26,1799.5,4.479,109.806,0.8458
2021-07-29,-1.15,1.28,1831.199951,4.52,109.890999,0.84417
2021-07-30,-1.16,1.24,1812.599976,4.4805,109.408997,0.840831
2021-08-02,-1.17,1.2,1818.099976,4.432,109.706001,0.84267
2021-08-03,-1.19,1.19,1810.099976,4.383,109.268997,0.84213
2021-08-04,-1.16,1.19,1810.5,4.33,108.990997,0.8425
2021-08-05,-1.1,1.23,1805.099976,4.3455,109.528999,0.84478
2021-08-06,-1.06,1.31,1760.0,4.3455,109.751999,0.8449
2021-08-09,-1.04,1.33,1723.400024,4.287,110.259003,0.8511
2021-08-10,-1.04,1.36,1728.800049,4.3515,110.306,0.8519
2021-08-11,-1.07,1.35,1750.400024,4.364,110.598,0.853
2021-08-12,-1.05,1.36,1749.0,4.356,110.374001,0.851651
2021-08-13,-1.08,1.29,1775.199951,4.387,110.403,0.85206
2021-08-16,-1.1,1.26,1786.900024,4.322,109.624001,0.84784
2021-08-17,-1.07,1.26,1785.0,4.2,109.296997,0.8489
2021-08-18,-1.05,1.27,1781.599976,4.116,109.537003,0.85399
2021-08-19,-1.04,1.24,1780.199951,4.0385,109.842003,0.85446
2021-08-20,-1.01,1.26,1781.0,4.1345,109.767998,0.856414
2021-08-23,-1.02,1.25,1803.199951,4.2345,109.839996,0.85488
2021-08-24,-1.01,1.29,1805.599976,4.255,109.678001,0.85146
2021-08-25,-1.0,1.35,1788.199951,4.265,109.730003,0.85084
2021-08-26,-0.99,1.34,1792.199951,4.246,109.975998,0.8493
2021-08-27,-1.08,1.31,1820.5,4.3355,110.047997,0.8506
